class,cw_impact,freq_range,n_true_o4,vit_duty_cycle,cnn_duty_cycle,delta_dc,delta_dc_ci_lower,delta_dc_ci_upper,vit_veto_efficiency,cnn_veto_efficiency,vit_n_vetoed,cnn_n_vetoed,f1_advantage
1080Lines,MEDIUM,~1080 Hz,43,0.9984191567108094,0.9990670433047399,-0.0006505818021613496,-0.0009070412315028378,-0.000414647420115583,0.9302325581395349,0.6511627906976745,61,36,CNN
Low_Frequency_Burst,LOW-MEDIUM,10-50 Hz,3000,0.9337859901002928,0.9281105035374608,0.0056904190530489545,0.004561121621271412,0.0068416824319071185,0.834,0.9223333333333333,2555,2774,CNN
Low_Frequency_Lines,HIGH,10-100 Hz,3000,0.876409153341799,0.9028170109104102,-0.026401725969886228,-0.028221940031616866,-0.024619690569362737,0.9686666666666667,0.9076666666666666,4769,3750,CNN
Power_Line,MEDIUM,60 Hz harmonics,1290,0.9811853733122554,0.9956202866250291,-0.014428102728898332,-0.01565294010936326,-0.013216886516184207,0.5395348837209303,0.10697674418604651,726,169,ViT
Scattered_Light,HIGH,10-120 Hz,3000,0.9635369424935859,0.9747583383004639,-0.011225319408090809,-0.012620830849768056,-0.009847876227745096,0.3943333333333333,0.275,1407,974,CNN
Violin_Mode,HIGH,~500 Hz harmonics,127,0.9927955010754917,0.9970715525954337,-0.004272182341202997,-0.0051053463601731155,-0.0034208412159535593,0.2755905511811024,0.2125984251968504,278,113,ViT
Whistle,MEDIUM,200-4000 Hz,881,0.9914219814963589,0.9910073340762433,0.0004100448337523,-0.000414647420115583,0.001243942260346749,0.300794551645857,0.33030646992054485,331,347,CNN
COMBINED_CW_CRITICAL,ALL,20-2000 Hz,11341,0.7375540985305933,0.788452069349781,-0.050877448363438466,-0.053541348122424615,-0.04828050897970815,0.8666784234194516,0.699585574464333,10127,8163,
