{
  "per_class_f1": {
    "1080Lines": {
      "f1": 1.0,
      "ci_lower": 1.0,
      "ci_upper": 1.0
    },
    "1400Ripples": {
      "f1": 0.7999999999999999,
      "ci_lower": 0.6933333333333334,
      "ci_upper": 0.888888888888889
    },
    "Air_Compressor": {
      "f1": 0.15384615384615385,
      "ci_lower": 0.053315789473684365,
      "ci_upper": 0.25742574257425743
    },
    "Blip": {
      "f1": 0.9492682926829268,
      "ci_lower": 0.9421691684864564,
      "ci_upper": 0.9558471344319244
    },
    "Blip_Low_Frequency": {
      "f1": 0.9381939304219097,
      "ci_lower": 0.9313668214039301,
      "ci_upper": 0.9447086308824343
    },
    "Chirp": {
      "f1": 0.47058823529411764,
      "ci_lower": 0.125,
      "ci_upper": 0.7272727272727274
    },
    "Extremely_Loud": {
      "f1": 0.9858518964479229,
      "ci_lower": 0.9829509379863517,
      "ci_upper": 0.9885792971978385
    },
    "Fast_Scattering": {
      "f1": 0.957280385078219,
      "ci_lower": 0.9551633724997405,
      "ci_upper": 0.9593883668618671
    },
    "Helix": {
      "f1": 0.04938271604938272,
      "ci_lower": 0.011764705882352943,
      "ci_upper": 0.10062893081761005
    },
    "Koi_Fish": {
      "f1": 0.9565040650406504,
      "ci_lower": 0.9506196872949643,
      "ci_upper": 0.9622047952614202
    },
    "Light_Modulation": {
      "f1": 0.691358024691358,
      "ci_lower": 0.6063749194068344,
      "ci_upper": 0.7682926829268293
    },
    "Low_Frequency_Burst": {
      "f1": 0.9914884783059995,
      "ci_lower": 0.988802501252648,
      "ci_upper": 0.993917383308829
    },
    "Low_Frequency_Lines": {
      "f1": 0.701435213260562,
      "ci_lower": 0.686893793734961,
      "ci_upper": 0.7157940059396699
    },
    "No_Glitch": {
      "f1": 0.9363867684478373,
      "ci_lower": 0.9182684748427673,
      "ci_upper": 0.953247360116519
    },
    "Paired_Doves": {
      "f1": 0.098744769874477,
      "ci_lower": 0.07620620136284828,
      "ci_upper": 0.12283737024221453
    },
    "Power_Line": {
      "f1": 0.23529411764705882,
      "ci_lower": 0.1308411214953271,
      "ci_upper": 0.3356643356643357
    },
    "Repeating_Blips": {
      "f1": 0.7702182284980744,
      "ci_lower": 0.7367021276595744,
      "ci_upper": 0.8021259136894158
    },
    "Scattered_Light": {
      "f1": 0.8108698620783832,
      "ci_lower": 0.8009213056016532,
      "ci_upper": 0.8207472382315477
    },
    "Scratchy": {
      "f1": 0.5034013605442176,
      "ci_lower": 0.39999999999999997,
      "ci_upper": 0.5986394557823129
    },
    "Tomte": {
      "f1": 0.9630025853615047,
      "ci_lower": 0.9594022527307977,
      "ci_upper": 0.966551546111328
    },
    "Violin_Mode": {
      "f1": 0.6830015313935682,
      "ci_lower": 0.6403614226040032,
      "ci_upper": 0.7237053362719561
    },
    "Wandering_Line": {
      "f1": 0.0,
      "ci_lower": 0.0,
      "ci_upper": 0.0
    },
    "Whistle": {
      "f1": 0.9627567925778662,
      "ci_lower": 0.9583605780354787,
      "ci_upper": 0.9670591427777613
    }
  },
  "per_class_recall": {
    "1080Lines": {
      "recall": 1.0,
      "ci_lower": 1.0,
      "ci_upper": 1.0
    },
    "1400Ripples": {
      "recall": 0.9696969696969697,
      "ci_lower": 0.8974358974358975,
      "ci_upper": 1.0
    },
    "Air_Compressor": {
      "recall": 0.14893617021276595,
      "ci_lower": 0.05128205128205128,
      "ci_upper": 0.2564102564102564
    },
    "Blip": {
      "recall": 0.9244655581947744,
      "ci_lower": 0.912895335220415,
      "ci_upper": 0.9355907896062441
    },
    "Blip_Low_Frequency": {
      "recall": 0.9174809989142236,
      "ci_lower": 0.907510374401637,
      "ci_upper": 0.9274074074074075
    },
    "Chirp": {
      "recall": 0.5714285714285714,
      "ci_lower": 0.16666666666666666,
      "ci_upper": 1.0
    },
    "Extremely_Loud": {
      "recall": 0.9873379559843232,
      "ci_lower": 0.9834486397931134,
      "ci_upper": 0.9909447630546333
    },
    "Fast_Scattering": {
      "recall": 0.9212022318138752,
      "ci_lower": 0.917276675821925,
      "ci_upper": 0.925021133596203
    },
    "Helix": {
      "recall": 0.2857142857142857,
      "ci_lower": 0.0625,
      "ci_upper": 0.5455681818181801
    },
    "Koi_Fish": {
      "recall": 0.9400719137035557,
      "ci_lower": 0.9307442928865385,
      "ci_upper": 0.9492369449441509
    },
    "Light_Modulation": {
      "recall": 0.8484848484848485,
      "ci_lower": 0.75,
      "ci_upper": 0.9310462919225316
    },
    "Low_Frequency_Burst": {
      "recall": 0.9962453066332916,
      "ci_lower": 0.993619736282433,
      "ci_upper": 0.9983693436608235
    },
    "Low_Frequency_Lines": {
      "recall": 0.9954102122776821,
      "ci_lower": 0.9919907320689668,
      "ci_upper": 0.9982905982905983
    },
    "No_Glitch": {
      "recall": 0.9154228855721394,
      "ci_lower": 0.8870578337104073,
      "ci_upper": 0.9418886198547215
    },
    "Paired_Doves": {
      "recall": 0.921875,
      "ci_lower": 0.8513513513513513,
      "ci_upper": 0.9827586206896551
    },
    "Power_Line": {
      "recall": 0.25,
      "ci_lower": 0.1428068410462781,
      "ci_upper": 0.3684412955465584
    },
    "Repeating_Blips": {
      "recall": 0.8645533141210374,
      "ci_lower": 0.8273605141206891,
      "ci_upper": 0.8997216371885167
    },
    "Scattered_Light": {
      "recall": 0.714045214045214,
      "ci_lower": 0.6999520919540434,
      "ci_upper": 0.7276771159682861
    },
    "Scratchy": {
      "recall": 0.4868421052631579,
      "ci_lower": 0.37333333333333335,
      "ci_upper": 0.6
    },
    "Tomte": {
      "recall": 0.9557600424703593,
      "ci_lower": 0.950423392559904,
      "ci_upper": 0.961020612171687
    },
    "Violin_Mode": {
      "recall": 0.5617128463476071,
      "ci_lower": 0.5126039863181453,
      "ci_upper": 0.6109818350570141
    },
    "Wandering_Line": {
      "recall": 0.0,
      "ci_lower": 0.0,
      "ci_upper": 0.0
    },
    "Whistle": {
      "recall": 0.9845486581729466,
      "ci_lower": 0.9804353666718583,
      "ci_upper": 0.9884003841483557
    }
  }
}