{
  "primary_metric": "macro_f1",
  "macro_f1": {
    "value": 0.723037755055069,
    "ci_lower": 0.7030906642773047,
    "ci_upper": 0.7396666656510605,
    "bootstrap_resamples": 10000,
    "confidence_level": 0.95
  },
  "overall_accuracy": {
    "value": 0.9342614392465963,
    "note": "SANITY CHECK ONLY -- not the primary metric (fp-overall-accuracy)"
  },
  "rare_class_macro_f1": {
    "value": 0.2411595394736842,
    "ci_lower": 0.20192087155963306,
    "ci_upper": 0.295733153907496,
    "rare_classes": [
      "Chirp",
      "Wandering_Line",
      "Helix",
      "Light_Modulation"
    ],
    "rare_threshold_train": 200
  },
  "common_class_avg_f1": {
    "value": 0.861836075691048,
    "common_classes": [
      "1400Ripples",
      "Air_Compressor",
      "Blip",
      "Blip_Low_Frequency",
      "Extremely_Loud",
      "Fast_Scattering",
      "Koi_Fish",
      "Low_Frequency_Burst",
      "Low_Frequency_Lines",
      "No_Glitch",
      "Power_Line",
      "Repeating_Blips",
      "Scattered_Light",
      "Tomte",
      "Whistle"
    ]
  },
  "rare_class_gap": {
    "common_avg_f1": 0.861836075691048,
    "rare_avg_f1": 0.2411595394736842,
    "gap_pp": 62.06765362173638
  },
  "per_class_f1": {
    "1080Lines": {
      "f1": 0.7058823529411764,
      "ci_lower": 0.375,
      "ci_upper": 0.923076923076923,
      "n_train": 341,
      "n_test": 6
    },
    "1400Ripples": {
      "f1": 0.8051948051948052,
      "ci_lower": 0.6909090909090908,
      "ci_upper": 0.891566265060241,
      "n_train": 2428,
      "n_test": 33
    },
    "Air_Compressor": {
      "f1": 0.4742268041237113,
      "ci_lower": 0.3434343434343435,
      "ci_upper": 0.592,
      "n_train": 1361,
      "n_test": 47
    },
    "Blip": {
      "f1": 0.9770848098275455,
      "ci_lower": 0.9723282442748092,
      "ci_upper": 0.9815040448865143,
      "n_train": 7156,
      "n_test": 2105
    },
    "Blip_Low_Frequency": {
      "f1": 0.9633507853403142,
      "ci_lower": 0.9580882352941177,
      "ci_upper": 0.9682278835484334,
      "n_train": 13659,
      "n_test": 2763
    },
    "Chirp": {
      "f1": 0.0,
      "ci_lower": 0.0,
      "ci_upper": 0.0,
      "n_train": 11,
      "n_test": 7
    },
    "Extremely_Loud": {
      "f1": 0.9850564196401342,
      "ci_lower": 0.9820452287903945,
      "ci_upper": 0.9878593217845475,
      "n_train": 13469,
      "n_test": 3317
    },
    "Fast_Scattering": {
      "f1": 0.983805345033905,
      "ci_lower": 0.9825354179323239,
      "ci_upper": 0.9850683045642274,
      "n_train": 34555,
      "n_test": 18998
    },
    "Helix": {
      "f1": 0.10526315789473682,
      "ci_lower": 0.0,
      "ci_upper": 0.3157894736842105,
      "n_train": 33,
      "n_test": 14
    },
    "Koi_Fish": {
      "f1": 0.9603646452635751,
      "ci_lower": 0.9546633709526708,
      "ci_upper": 0.9657200002591401,
      "n_train": 11950,
      "n_test": 2503
    },
    "Light_Modulation": {
      "f1": 0.859375,
      "ci_lower": 0.7884615384615384,
      "ci_upper": 0.9172932330827068,
      "n_train": 142,
      "n_test": 66
    },
    "Low_Frequency_Burst": {
      "f1": 0.9832945654472404,
      "ci_lower": 0.9794608472400514,
      "ci_upper": 0.9868229026338764,
      "n_train": 19834,
      "n_test": 2397
    },
    "Low_Frequency_Lines": {
      "f1": 0.6153846153846154,
      "ci_lower": 0.6002123361120302,
      "ci_upper": 0.6300557880055788,
      "n_train": 2853,
      "n_test": 1743
    },
    "No_Glitch": {
      "f1": 0.9376498800959232,
      "ci_lower": 0.9200968523002421,
      "ci_upper": 0.9539558645619253,
      "n_train": 11568,
      "n_test": 402
    },
    "Paired_Doves": {
      "f1": 0.6126126126126127,
      "ci_lower": 0.4950495049504951,
      "ci_upper": 0.7131782945736433,
      "n_train": 216,
      "n_test": 64
    },
    "Power_Line": {
      "f1": 0.7419354838709677,
      "ci_lower": 0.6478806170355466,
      "ci_upper": 0.8225806451612904,
      "n_train": 1582,
      "n_test": 56
    },
    "Repeating_Blips": {
      "f1": 0.8353658536585366,
      "ci_lower": 0.8028531679113466,
      "ci_upper": 0.8641975308641975,
      "n_train": 1061,
      "n_test": 347
    },
    "Scattered_Light": {
      "f1": 0.7186883254896006,
      "ci_lower": 0.7063308170030647,
      "ci_upper": 0.7306712823176705,
      "n_train": 68160,
      "n_test": 4158
    },
    "Scratchy": {
      "f1": 0.875,
      "ci_lower": 0.8120300751879699,
      "ci_upper": 0.9290347980695961,
      "n_train": 558,
      "n_test": 76
    },
    "Tomte": {
      "f1": 0.9827013803948978,
      "ci_lower": 0.9802403328475697,
      "ci_upper": 0.9850201189307339,
      "n_train": 30403,
      "n_test": 5651
    },
    "Violin_Mode": {
      "f1": 0.5441941074523398,
      "ci_lower": 0.49364791288566245,
      "ci_upper": 0.5920826161790017,
      "n_train": 274,
      "n_test": 397
    },
    "Wandering_Line": {
      "f1": 0.0,
      "ci_lower": 0.0,
      "ci_upper": 0.0,
      "n_train": 30,
      "n_test": 6
    },
    "Whistle": {
      "f1": 0.9634374165999466,
      "ci_lower": 0.9589076504597684,
      "ci_upper": 0.9677336847984295,
      "n_train": 6299,
      "n_test": 3689
    }
  },
  "per_class_recall": {
    "1080Lines": {
      "recall": 1.0,
      "ci_lower": 1.0,
      "ci_upper": 1.0
    },
    "1400Ripples": {
      "recall": 0.9393939393939394,
      "ci_lower": 0.84375,
      "ci_upper": 1.0
    },
    "Air_Compressor": {
      "recall": 0.48936170212765956,
      "ci_lower": 0.34782608695652173,
      "ci_upper": 0.6326530612244898
    },
    "Blip": {
      "recall": 0.9824228028503563,
      "ci_lower": 0.9765100671140939,
      "ci_upper": 0.9878447872837774
    },
    "Blip_Low_Frequency": {
      "recall": 0.9656170828809265,
      "ci_lower": 0.9588550655297916,
      "ci_upper": 0.972261774874376
    },
    "Chirp": {
      "recall": 0.0,
      "ci_lower": 0.0,
      "ci_upper": 0.0
    },
    "Extremely_Loud": {
      "recall": 0.9737714802532409,
      "ci_lower": 0.9682924274933952,
      "ci_upper": 0.9790188236308875
    },
    "Fast_Scattering": {
      "recall": 0.9736814401515949,
      "ci_lower": 0.9713688500247484,
      "ci_upper": 0.9759558961001263
    },
    "Helix": {
      "recall": 0.07142857142857142,
      "ci_lower": 0.0,
      "ci_upper": 0.23529411764705882
    },
    "Koi_Fish": {
      "recall": 0.9680383539752297,
      "ci_lower": 0.9610387001507934,
      "ci_upper": 0.9747140913149642
    },
    "Light_Modulation": {
      "recall": 0.8333333333333334,
      "ci_lower": 0.7358351831298557,
      "ci_upper": 0.9193548387096774
    },
    "Low_Frequency_Burst": {
      "recall": 0.9699624530663329,
      "ci_lower": 0.9627381019772461,
      "ci_upper": 0.9765985384627444
    },
    "Low_Frequency_Lines": {
      "recall": 0.9982788296041308,
      "ci_lower": 0.996060776589758,
      "ci_upper": 1.0
    },
    "No_Glitch": {
      "recall": 0.972636815920398,
      "ci_lower": 0.9556650246305419,
      "ci_upper": 0.9873737373737373
    },
    "Paired_Doves": {
      "recall": 0.53125,
      "ci_lower": 0.4098360655737705,
      "ci_upper": 0.6545508658008657
    },
    "Power_Line": {
      "recall": 0.8214285714285714,
      "ci_lower": 0.7166604477611941,
      "ci_upper": 0.9155223004694831
    },
    "Repeating_Blips": {
      "recall": 0.7896253602305475,
      "ci_lower": 0.7464377201408902,
      "ci_upper": 0.8314614501210503
    },
    "Scattered_Light": {
      "recall": 0.5692640692640693,
      "ci_lower": 0.5536778958601334,
      "ci_upper": 0.5845174690450698
    },
    "Scratchy": {
      "recall": 0.8289473684210527,
      "ci_lower": 0.7397260273972602,
      "ci_upper": 0.9078947368421053
    },
    "Tomte": {
      "recall": 0.9952220845867988,
      "ci_lower": 0.9933878024311887,
      "ci_upper": 0.9969626585670895
    },
    "Violin_Mode": {
      "recall": 0.3954659949622166,
      "ci_lower": 0.34782608695652173,
      "ci_upper": 0.44307005609761946
    },